lat,lon,altitude,time
36.2434,-112.2822,7000.0,0.0
36.243515511639856,-112.2822,6996.24817058926,0.5000000000000002
36.243631545598475,-112.2822,6986.648594990139,1.0000000000000007
36.24375150073641,-112.28219899132986,6974.334438452762,1.500000000000001
36.243879109622,-112.28219580277822,6961.730260649731,2.0000000000000013
36.2440140787534,-112.28219040965342,6948.959497549682,2.4999999999999907
36.24415579799718,-112.28218282164529,6936.126786134534,2.99999999999998
36.24430365968751,-112.28217306678101,6923.326678696455,3.4999999999999694
36.24445707421747,-112.28216118787154,6910.643116177551,3.9999999999999587
36.24461547446487,-112.28214723964851,6898.149869245929,4.4999999999999485
36.24477831853983,-112.28213128632188,6885.911070156329,4.999999999999938
36.24494509154467,-112.28211339948714,6873.981793173665,5.499999999999927
36.245115306619546,-112.28209365633134,6862.4086661405645,5.9999999999999165
36.24528850545545,-112.28207213809401,6851.230498238491,6.499999999999906
36.24546425840259,-112.28204892874875,6840.4789115109625,6.999999999999895
36.245642164267984,-112.28202411387507,6830.178966172454,7.4999999999998845
36.24582184987204,-112.28199777969608,6820.349771874205,7.999999999999874
36.24600296941876,-112.28197001226022,6811.005078896365,8.499999999999863
36.24618520372162,-112.28194089675037,6802.1538447171615,8.999999999999853
36.246368259318906,-112.28191051690325,6793.800772624034,9.499999999999842
36.246551867506376,-112.28187895452713,6785.946820027421,9.999999999999831
36.24673578330926,-112.2818462891051,6778.5896749564,10.49999999999982
36.246919784412434,-112.2818125974741,6771.7241998894,10.99999999999981
36.247103670064284,-112.28177795357071,6765.342842628855,11.4999999999998
36.247287259966896,-112.28174242823525,6759.436014386041,11.999999999999789
36.24747039316381,-112.28170608906734,6753.992435617428,12.499999999999778
36.24765292693391,-112.28166900032618,6748.9994504589995,12.999999999999767
36.24783473569917,-112.28163122287005,6744.443310850501,13.499999999999757
36.248015709952725,-112.2815928141296,6740.309431635041,13.999999999999746
36.24819575521191,-112.28155382811062,6736.582618068249,14.499999999999735
36.24837479100106,-112.28151431542175,6733.247267280452,14.999999999999725
36.24855274986663,-112.28147432332368,6730.287545310124,15.499999999999714
36.24872957642807,-112.2814338957962,6727.687541371619,15.999999999999703
36.24890522646581,-112.28139307362045,6725.431401038574,16.49999999999978
36.24907966604806,-112.2813518944736,6723.503440019823,16.999999999999858
36.24925287069711,-112.28131039303308,6721.888240180675,17.499999999999936
36.249424824595835,-112.28126860108902,6720.570729421715,18.000000000000014
36.249595519834344,-112.28122654766265,6719.536246972649,18.500000000000092
36.249764955696705,-112.28118425912878,6718.770595592942,19.00000000000017
36.249933137987036,-112.28114175934118,6718.260082096289,19.50000000000025
36.25010007839446,-112.28109906976013,6717.991547534533,20.000000000000327
36.250265793895956,-112.28105620957982,6717.952388290711,20.500000000000405
36.2504303061958,-112.28101319585573,6718.130569242016,21.000000000000483
36.2505936412009,-112.28097004363096,6718.514630063568,21.50000000000056
36.250755828530025,-112.28092676606039,6719.093685654151,22.00000000000064
36.25091690105611,-112.28088337453283,6719.857421576871,22.500000000000718
36.2510768944801,-112.2808398787899,6720.796085322103,23.000000000000796
36.251235846934485,-112.28079628704211,6721.900474117837,23.500000000000874
36.25139379861559,-112.28075260608117,6723.161919934433,24.000000000000952
36.251550791442746,-112.28070884138869,6724.572272257124,24.50000000000103
36.25170686874315,-112.28066499724065,6726.123879131124,25.00000000000111
36.25186207496076,-112.28062107680843,6727.809566920502,25.500000000001187
36.25201645538794,-112.28057708225509,6729.622619163794,26.000000000001265
36.252170055918526,-112.28053301482795,6731.556754856138,26.500000000001343
36.2523229228211,-112.28048887494657,6733.606106439672,27.00000000000142
36.25247510253098,-112.28044466228687,6735.7651977408,27.5000000000015
36.25262664145994,-112.28040037586116,6738.028922054349,28.000000000001577
36.25277758582272,-112.2803560140937,6740.392520540583,28.500000000001656
36.25292798147873,-112.28031157489254,6742.851561070937,29.000000000001734
36.25307787378869,-112.28026705571723,6745.401917631967,29.500000000001812
36.25322730748455,-112.28022245364285,6748.039750374198,30.00000000000189
36.25337632655251,-112.28017776541981,6750.7614863726985,30.500000000001968
36.253524974127714,-112.28013298753035,6753.563801149176,31.000000000002046
36.253673292400386,-112.2800881162413,6756.443600990872,31.500000000002125
36.2538213225323,-112.28004314765309,6759.398006089189,32.0000000000022
36.253969104583334,-112.2799980777455,6762.424334510508,32.5000000000021
36.25411667744706,-112.27995290242019,6765.520087002969,33.000000000002004
36.25426407879507,-112.27990761753973,6768.682932635725,33.500000000001904
36.254411345029666,-112.27986221896374,6771.910695261093,34.000000000001805
36.25455851124391,-112.27981670258184,6775.201340785217,34.500000000001705
36.25470561118909,-112.27977106434373,6778.552965228827,35.000000000001606
36.254852677248856,-112.27972530028629,6781.963783556452,35.500000000001506
36.25499974041958,-112.27967940655863,6785.432119250016,36.00000000000141
36.25514683029687,-112.27963337944348,6788.956394600808,36.50000000000131
36.2552939750675,-112.27958721537709,6792.535121692296,37.00000000000121
36.25544120150642,-112.2795409109663,6796.166894045273,37.50000000000111
36.25558853497891,-112.27949446300313,6799.8503788962,38.00000000000101
36.25573599944678,-112.27944786847776,6803.584310079081,38.50000000000091
36.255883617479235,-112.27940112458909,6807.367481481164,39.00000000000081
36.25603141026712,-112.27935422875346,6811.198741042789,39.50000000000071
36.25617939764107,-112.27930717861179,6815.0769852719295,40.00000000000061
36.256327598092696,-112.27925997203444,6819.001154244386,40.50000000000051
36.256476028798794,-112.27921260712516,6822.970227061085,41.00000000000041
36.25662470564827,-112.2791650822233,6826.9832177345315,41.50000000000031
36.25677364327135,-112.27911739590436,6831.039171477232,42.00000000000021
36.25692285507109,-112.27906954697978,6835.137161365595,42.500000000000114
36.25707235325666,-112.27902153449507,6839.276285353737,43.000000000000014
36.25722214887836,-112.2789733577274,6843.455663612443,43.499999999999915
36.257372251864,-112.27892501618169,6847.674436169507,43.999999999999815
36.25752267105653,-112.27887650958637,6851.9317608286265,44.499999999999716
36.25767341425256,-112.27882783788793,6856.226811344938,44.999999999999616
36.25782448824185,-112.27877900124494,6860.558775836421,45.49999999999952
36.25797589884716,-112.2787300000217,6864.926855411242,45.99999999999942
36.25812765096466,-112.27868083478074,6869.330262992228,46.49999999999932
36.25827974860461,-112.2786315062758,6873.768222320595,46.99999999999922
36.25843219493194,-112.27858201544348,6878.239967122138,47.49999999999912
36.25858499230703,-112.27853236339517,6882.7447404199265,47.99999999999902
36.25873814232596,-112.27848255140876,6887.28179397869,48.49999999999892
36.258891645860885,-112.27843258091981,6891.85038786689,48.99999999999882
36.259045503099436,-112.27838245351269,6896.449790123452,49.49999999999872
36.25919971358392,-112.27833217091185,6901.079276517014,49.99999999999862
36.25935427624985,-112.27828173497333,6905.738130386457,50.49999999999852
36.25950918946362,-112.27823114767506,6910.4256425522235,50.99999999999842
36.25966445105939,-112.27818041110874,6915.141111288825,51.49999999999832
36.25982005837522,-112.27812952747081,6919.8838423496845,51.999999999998224
36.25997600828804,-112.278078499054,6924.653149036155,52.499999999998124
36.26013229724798,-112.27802732823876,6929.448352303331,52.999999999998025
36.26028892131121,-112.27797601748499,6934.26878089583,53.499999999997925
36.26044587617212,-112.27792456932399,6939.113771507474,53.999999999997826
36.26060315719421,-112.27787298635067,6943.982668959287,54.499999999997726
36.260760759439826,-112.27782127121573,6948.874826390836,54.99999999999763
36.26091867769892,-112.27776942661846,6953.789605460477,55.49999999999753
36.261076906516486,-112.27771745529947,6958.726376550516,55.99999999999743
36.261235440218975,-112.27766536003385,6963.684518973759,56.49999999999733
36.26139427293952,-112.27761314362475,6968.663421178389,56.99999999999723
36.261553398641894,-112.27756080889695,6973.66248094849,57.49999999999713
36.261712811143596,-112.27750835869072,6978.681105597825,57.99999999999703
36.26187250413751,-112.27745579585633,6983.718712154938,58.49999999999693
36.262032471212656,-112.27740312324859,6988.774727537843,58.99999999999683
36.262192705873716,-112.27735034372142,6993.848588716936,59.49999999999673
36.262353201559556,-112.27729746012331,6998.939742864935,59.99999999999663
36.26251395166064,-112.27724447529253,7004.047647492965,60.49999999999653
36.26267494953542,-112.27719139205297,7009.171770572069,60.99999999999643
36.26283618852592,-112.27713821321002,7014.311590639645,61.499999999996334
36.26299766197187,-112.27708494154685,7019.466596890415,61.999999999996234
36.26315936322444,-112.27703157982087,7024.6362892518155,62.499999999996135
36.26332128565858,-112.27697813076053,7029.820178443701,62.999999999996035
36.26348342268477,-112.2769245970622,7035.01778602241,63.499999999995936
36.26364576775994,-112.27687098138784,7040.228644409437,63.999999999995836
36.26380831439728,-112.27681728636192,7045.452296904896,64.49999999999609
36.26397105617548,-112.27676351456941,7050.688297686147,64.99999999999635
36.26413398674712,-112.27670966855385,7055.9362117920255,65.4999999999966
36.26429709984646,-112.27665575081518,7061.195615093088,65.99999999999686
36.264460389296254,-112.27660176380822,7066.466094248447,66.49999999999712
36.264623849014235,-112.27654770994123,7071.747246649688,66.99999999999737
36.26478747301873,-112.27649359157478,7077.038680352528,67.49999999999763
36.26495125543361,-112.27643941101998,7082.340013996737,67.99999999999788
36.26511519049303,-112.27638517053857,7087.650876715046,68.49999999999814
36.26527927254519,-112.27633087234105,7092.970908031618,68.9999999999984
36.265443496055816,-112.27627651858687,7098.2997577507385,69.49999999999865
36.265607855611066,-112.2762221113835,7103.637085836387,69.9999999999989
36.26577234592011,-112.27616765278624,7108.982562283352,70.49999999999916
36.26593696181706,-112.27611314479773,7114.335866980475,70.99999999999942
36.266101698262666,-112.2760585893682,7119.696689566733,71.49999999999967
36.26626655034553,-112.27600398839525,7125.064729280706,71.99999999999993
36.26643151328295,-112.27594934372375,7130.439694804096,72.50000000000018
36.26659658242163,-112.27589465714638,7135.821304099853,73.00000000000044
36.266761753237724,-112.27583993040385,7141.209284245506,73.5000000000007
36.26692702133687,-112.2757851651849,7146.603371262256,74.00000000000095
36.2670923824539,-112.27573036312718,7152.003309940312,74.50000000000121
36.26725783245221,-112.27567552581752,7157.408853661096,75.00000000000146
36.267423367322905,-112.27562065479249,7162.819764216703,75.50000000000172
36.26758898318388,-112.27556575153912,7168.235811627157,76.00000000000198
36.2677546762785,-112.27551081749556,7173.656773955886,76.50000000000223
36.26792044297427,-112.27545585405183,7179.082437123848,77.00000000000249
36.26808627976131,-112.2754008625504,7184.512594722725,77.50000000000274
36.26825218325049,-112.27534584428733,7189.947047827558,78.000000000003
36.26841815017167,-112.27529080051283,7195.385604809203,78.50000000000325
36.26858417737188,-112.27523573243234,7200.82808114693,79.00000000000351
36.26875026181296,-112.27518064120733,7206.2742992415015,79.50000000000377
36.268916400569694,-112.27512552795625,7211.724088229009,80.00000000000402
36.26908259082737,-112.27507039375546,7217.177283795789,80.50000000000428
36.26924882987945,-112.27501523964025,7222.633727994636,81.00000000000453
36.26941511512541,-112.27496006660569,7228.09326906257,81.50000000000479
36.26958144406804,-112.27490487560785,7233.555761240382,82.00000000000504
36.269747814311124,-112.2748496675646,7239.021064594176,82.5000000000053
36.26991422355693,-112.27479444335657,7244.4890448390615,83.00000000000556
36.2700806696036,-112.27473920382845,7249.9595731651925,83.50000000000581
36.27024715034267,-112.27468394978952,7255.432526066325,84.00000000000607
36.27041366375649,-112.2746286820152,7260.907785170995,84.50000000000632
36.27058020791563,-112.27457340124758,7266.385237076449,85.00000000000658
36.27074678097634,-112.27451810819672,7271.86477318549,85.50000000000684
36.27091338117801,-112.27446280354134,7277.346289546264,86.00000000000709
36.27108000684055,-112.27440748793023,7282.829686695125,86.50000000000735
36.27124665636189,-112.27435216198279,7288.314869502638,87.0000000000076
36.27141332821554,-112.27429682629014,7293.801747022802,87.50000000000786
36.271580020947994,-112.2742414814161,7299.2902323454855,88.00000000000811
36.27174673317632,-112.27418612789816,7304.7802424522115,88.50000000000837
36.27191346358576,-112.27413076624825,7310.271698075238,89.00000000000863
36.27208021092726,-112.2740753969537,7315.764523560043,89.50000000000888
36.27224697401521,-112.27402002047818,7321.25864673112,90.00000000000914
36.272413751725026,-112.2739646372625,7326.753998761244,90.5000000000094
36.272580542990994,-112.27390924772541,7332.250514044058,91.00000000000965
36.272747346803925,-112.27385385226465,7337.748130070078,91.5000000000099
36.27291416220904,-112.27379845125752,7343.246787306065,92.00000000001016
36.273080988303796,-112.27374304506176,7348.746429077768,92.50000000001042
36.273247824235845,-112.27368763401634,7354.24700145598,93.00000000001067
36.27341466920092,-112.27363221844223,7359.74845314593,93.50000000001093
36.27358152244089,-112.273576798643,7365.250735379942,94.00000000001118
36.27374838324177,-112.27352137490577,7370.75380181335,94.50000000001144
36.27391525093195,-112.27346594750179,7376.257608423611,95.0000000000117
36.27408212488023,-112.273410516687,7381.762113412589,95.50000000001195
36.27424900449404,-112.27335508270284,7387.267277111954,96.00000000001221
36.27441588921781,-112.27329964577686,7392.773061891651,96.50000000001246
36.274582778531155,-112.27324420612342,7398.279432071413,97.00000000001272
36.274749671947326,-112.273188763944,7403.78635383521,97.50000000001297
36.274916569011566,-112.27313331942814,7409.293795148629,98.00000000001323
36.275083469299666,-112.27307787275375,7414.801725679135,98.50000000001349
36.275250372416394,-112.2730224240878,7420.31011671908,99.00000000001374
36.27541727799409,-112.27296697358686,7425.818941111504,99.500000000014
36.27558418569129,-112.27291152139729,7431.328173178591,100.00000000001425
36.27575109519143,-112.27285606765624,7436.837788652759,100.50000000001451
36.275918006201486,-112.27280061249168,7442.347764610298,101.00000000001477
36.27608491845077,-112.27274515602319,7447.858079407518,101.50000000001502
36.27625183168974,-112.27268969836207,7453.368712619317,102.00000000001528
36.276418745688865,-112.272634239612,7458.8796449801375,102.50000000001553
36.276585660237465,-112.27257877986946,7464.390858327223,103.00000000001579
36.276752575142716,-112.27252331922394,7469.902335546138,103.50000000001604
36.27691949022858,-112.27246785775841,7475.414060518448,104.0000000000163
36.27708640533495,-112.2724123955498,7480.9260180715355,104.50000000001656
36.27725332031649,-112.27235693266903,7486.438193930484,105.00000000001681
36.27742023504194,-112.27230146918164,7491.950574671958,105.50000000001707
36.27758714939318,-112.27224600514798,7497.463147680028,106.00000000001732
36.277754063264396,-112.2721905406235,7502.975901103855,106.50000000001758
36.27792097656133,-112.2721350756591,7508.488823817231,107.00000000001783
36.27808788920062,-112.27207961030146,7514.001905379841,107.50000000001809
36.27825480110882,-112.27202414459296,7519.515136000273,108.00000000001835
36.27842171222201,-112.27196867857242,7525.028506500646,108.5000000000186
36.27858862248498,-112.27191321227505,7530.542008282839,109.00000000001886
36.278755531850685,-112.27185774573269,7536.055633296265,109.50000000001911
36.27892244027964,-112.27180227897415,7541.569374007127,110.00000000001937
36.279089347739365,-112.27174681202523,7547.08322336909,110.50000000001963
36.279256254203844,-112.27169134490909,7552.597174795363,111.00000000001988
36.27942315965302,-112.27163587764632,7558.111222132091,111.50000000002014
36.279590064072394,-112.27158041025525,7563.6253596330225,112.00000000002039
36.27975696745245,-112.271524942752,7569.139581935424,112.50000000002065
36.279923869788355,-112.27146947515064,7574.653884037185,113.0000000000209
36.28009077107947,-112.27141400746343,7580.16826127504,113.50000000002116
36.280257671329025,-112.27135853970083,7585.6827093038955,114.00000000002142
36.280424570543744,-112.2713030718719,7591.197224077217,114.50000000002167
36.28059146873347,-112.27124760398385,7596.711801828411,115.00000000002193
36.28075836591094,-112.27119213604297,7602.226439053201,115.50000000002218
36.280925262091415,-112.27113666805411,7607.741132492875,116.00000000002244
36.28109215729242,-112.27108120002109,7613.255879118498,116.5000000000227
36.281259051533496,-112.27102573194661,7618.7706761159125,117.00000000002295
36.28142594483594,-112.27097026383254,7624.2855208715855,117.5000000000232
36.28159283722258,-112.27091479567986,7629.800410959224,118.00000000002346
36.28175972871759,-112.27085932748881,7635.315344127136,118.50000000002372
36.281926619346216,-112.27080385925892,7640.830318286305,119.00000000002397
36.282093509134704,-112.27074839098914,7646.3453314991475,119.50000000002423
36.282260398110076,-112.27069292267794,7651.86038196891,120.00000000002449
36.282427095675324,-112.2706390035699,7656.706030898151,120.50000000002474
36.28259286397881,-112.2705882306872,7660.20863959252,121.000000000025
36.28275781446627,-112.2705405914284,7662.66139417523,121.50000000002525
36.282922165623525,-112.27049601862353,7664.31050256975,122.00000000002551
36.28308607919903,-112.27045444227278,7665.348754764977,122.50000000002576
36.2832496646208,-112.27041579200463,7665.92623214992,123.00000000002602
36.283412988976764,-112.27037999723909,7666.1592528458095,123.50000000002628
36.28357608630737,-112.27034698708651,7666.137618500676,124.00000000002653
36.283738965646265,-112.2703166902214,7665.930405065261,124.50000000002679
36.28390161771344,-112.27028903481703,7665.590547453521,125.00000000002704
36.284064020332096,-112.27026394856125,7665.158445940803,125.5000000000273
36.28422614271742,-112.27024135874805,7664.664790095268,126.00000000002755
36.28438794880907,-112.27022119242626,7664.132762720359,126.50000000002781
36.28454939981687,-112.27020337658618,7663.579755711826,127.00000000002807
36.28471045613123,-112.27018783836567,7663.018703389728,127.50000000002832
36.284871078729935,-112.27017450526202,7662.459116980135,128.00000000002856
36.285031230189354,-112.27016330533905,7661.907886144329,128.5000000000281
36.28519087538883,-112.27015416742266,7661.369899223631,129.00000000002765
36.28534998197915,-112.27014702128,7660.848522586818,129.5000000000272
36.28550852067127,-112.27014179778013,7660.345970581959,130.00000000002674
36.285666465389234,-112.2701384290354,7659.863590626901,130.5000000000263
36.28582379332208,-112.27013684852281,7659.402082525243,131.00000000002584
36.28598048490108,-112.27013699118721,7658.961666844249,131.50000000002538
36.286136523723115,-112.27013879352644,7658.542213879473,132.00000000002493
36.286291896435806,-112.27014219365971,7658.143342152888,132.50000000002447
36.286446592596924,-112.27014713138196,7657.764493385933,133.00000000002402
36.28660060451652,-112.27015354820333,7657.404989329833,133.50000000002356
36.28675392708948,-112.27016138737775,7657.0640746238205,134.0000000000231
36.286906557623155,-112.27017059391983,7656.740948910654,134.50000000002265
36.287058495664134,-112.27018111461265,7656.4347907080555,135.0000000000222
36.28720974282702,-112.2701928980066,7656.144774967428,135.50000000002174
36.287360302627,-112.2702058944113,7655.87008581132,136.0000000000213
36.287510180317966,-112.27022005588086,7655.609925600006,136.50000000002083
36.28765938273685,-112.2702353361936,7655.363521213441,137.00000000002038
36.287807918155075,-112.27025169082671,7655.130128230301,137.50000000001992
36.287955796137226,-112.27026907692729,7654.909033527741,138.00000000001947
36.288103027407274,-112.27028745327955,7654.69955670331,138.500000000019
36.28824962372237,-112.27030678026898,7654.501050626146,139.00000000001856
36.288395597753954,-112.27032701984454,7654.312901351925,139.5000000000181
36.28854096297631,-112.27034813547856,7654.134527580035,140.00000000001765
36.288685733562076,-112.27037009212509,7653.965379788416,140.5000000000172
36.28882992428456,-112.2703928561771,7653.804939148403,141.00000000001674
36.28897355042679,-112.27041639542287,7653.6527162966795,141.50000000001629
36.289116627696416,-112.27044067900171,7653.5082500218805,142.00000000001583
36.28925917214714,-112.27046567735917,7653.371105908685,142.50000000001538
36.28940120010527,-112.27049136220242,7653.240874970901,143.00000000001492
36.289542728102006,-112.27051770645546,7653.117172296343,143.50000000001447
36.28968377281077,-112.27054468421493,7652.999635719939,144.000000000014
36.28982435098924,-112.27057227070566,7652.88792453637,144.50000000001356
36.289964479426,-112.27060044223734,7652.781718260008,145.0000000000131
36.29010417489152,-112.27062917616179,7652.680715436935,145.50000000001265
36.290243454093165,-112.27065845083064,7652.584632511899,146.0000000000122
36.29038233363407,-112.27068824555425,7652.4932027513605,146.50000000001174
36.29052082997548,-112.27071854056115,7652.406175222831,147.00000000001128
36.2906589594027,-112.27074931695874,7652.3233138296955,147.50000000001083
36.29079673799396,-112.27078055669506,7652.244396400224,148.00000000001037
36.29093418159254,-112.27081224252113,7652.169213829079,148.50000000000992
36.2910713057816,-112.27084435795528,7652.097569269328,149.00000000000946
36.291208125861544,-112.27087688724762,7652.029277372743,149.500000000009
36.2913446568301,-112.27090981534643,7651.964163576195,150.00000000000855
36.29148091336452,-112.2709431278651,7651.902063431832,150.5000000000081
36.291616909806116,-112.27097681105073,7651.842821978721,151.00000000000765
36.291752660146784,-112.27101085175389,7651.78629315372,151.5000000000072
36.2918881780174,-112.27104523739875,7651.7323392393755,152.00000000000674
36.2920234766782,-112.27107995595554,7651.680830346701,152.50000000000628
36.29215856901055,-112.27111499591318,7651.631643930782,153.00000000000583
36.29229346751062,-112.27115034625366,7651.5846643372515,153.50000000000537
36.29242818428425,-112.27118599642718,7651.539782377748,154.00000000000492
36.292562731043354,-112.2712219363284,7651.496894932588,154.50000000000446
36.29269711910355,-112.27125815627399,7651.455904578914,155.000000000004
36.29283135938292,-112.27129464698102,7651.416719242793,155.50000000000355
36.292965462401995,-112.27133139954638,7651.379251873665,156.0000000000031
36.29309943828476,-112.27136840542725,7651.343420139777,156.50000000000264
36.293233296760356,-112.27140565642252,7651.309146143215,157.0000000000022
36.29336704716602,-112.271443144655,7651.276356153299,157.50000000000173
36.29350069845057,-112.2714808625549,7651.244980357147,158.00000000000128
36.293634259178745,-112.27151880284366,7651.214952626252,158.50000000000082
36.29376773753617,-112.2715569585192,7651.186210298073,159.00000000000037
36.29390114133497,-112.27159532284128,7651.158693971639,159.49999999999991
36.29403447801995,-112.27163388931841,7651.132347316245,159.99999999999946
36.29416775467525,-112.27167265169487,7651.107116892355,160.499999999999
36.294300978031394,-112.27171160393885,7651.082951983944,160.99999999999855
36.294434154472995,-112.27175074023096,7651.0598044415265,161.4999999999981
36.29456729004642,-112.27179005495378,7651.037628535082,161.99999999999764
36.2947003904682,-112.27182954268163,7651.016380816348,162.4999999999972
36.29483346113331,-112.27186919817113,7650.996019989755,162.99999999999673
36.29496650712405,-112.27190901635237,7650.976506791488,163.49999999999628
36.295099533218846,-112.27194899232056,7650.957803876104,163.99999999999582
36.295232543901314,-112.27198912132815,7650.939875710223,164.49999999999537
36.29536554336953,-112.2720293987775,7650.9226884728305,164.9999999999949
36.295498535545136,-112.27206982021389,7650.906209961707,165.49999999999446
36.29563152408289,-112.27211038131914,7650.89040950565,165.999999999994
36.29576451237997,-112.2721510779057,7650.87525788204,166.49999999999355
36.29589750358531,-112.27219190591047,7650.86072723944,166.9999999999931
36.29603050060905,-112.27223286139008,7650.8467910248655,167.49999999999264
36.2961635061319,-112.27227394051549,7650.83342391545,167.99999999999218
36.296296522614284,-112.27231513956755,7650.820601754199,168.49999999999173
36.29642955230575,-112.27235645493268,7650.808301489554,168.99999999999127
36.29656259725394,-112.27239788309844,7650.7965011185315,169.49999999999082
36.29669565931362,-112.27243942065007,7650.785179633216,169.99999999999037
36.29682874015555,-112.27248106426691,7650.77431697035,170.4999999999899
36.29696184127518,-112.27252281071883,7650.763893963869,170.99999999998946
36.297094964001296,-112.27256465686322,7650.75389230015,171.499999999989
36.297228109504346,-112.27260659964207,7650.744294475829,171.99999999998855
36.297361278804715,-112.2726486360792,7650.735083757995,172.4999999999881
36.29749447278075,-112.27269076327768,7650.726244146635,172.99999999998764
36.29762769217655,-112.27273297841735,7650.717760339171,173.49999999998718
36.29776093760973,-112.27277527875255,7650.709617696959,173.99999999998673
36.29789420957875,-112.2728176616101,7650.701802213637,174.49999999998627
36.29802750847016,-112.27286012438708,7650.694300485201,174.99999999998582
36.298160834565635,-112.27290266454906,7650.687099681669,175.49999999998536
36.29829418804877,-112.2729452796282,7650.680187520302,175.9999999999849
36.298427569011636,-112.27298796722168,7650.673552240238,176.49999999998445
36.29856097746108,-112.27303072498985,7650.667182578447,176.999999999984
36.29869441332488,-112.27307355065484,7650.661067746959,177.49999999998354
36.29882787645762,-112.27311644199912,7650.65519741127,177.9999999999831
36.29896136664639,-112.27315939686393,7650.64956166986,178.49999999998263
36.29909488361622,-112.27320241314827,7650.644151034745,178.99999999998218
36.299228427035246,-112.27324548880709,7650.638956413023,179.49999999998172
36.29936199651975,-112.27328862185057,7650.633969089338,179.99999999998127
36.299495591638966,-112.27333181034257,7650.629180709221,180.49999999998082
36.29962921191957,-112.27337505239964,7650.624583263249,180.99999999998036
36.29976285685012,-112.27341834618993,7650.6201690719845,181.4999999999799
36.299896525885174,-112.27346168993209,7650.615930771624,181.99999999997945
36.30003021844912,-112.27350508189414,7650.6118613003655,182.499999999979
36.30016393394009,-112.27354852039251,7650.607953885404,182.99999999997854
36.30029767173341,-112.27359200379104,7650.604202030563,183.4999999999781
36.30043143118489,-112.27363553050003,7650.6005995044825,183.99999999997763
36.30056521163413,-112.27367909897532,7650.597140329381,184.49999999997718
36.300699012407385,-112.27372270771724,7650.593818770325,184.99999999997672
36.30083283282038,-112.27376635526977,7650.590629324998,185.49999999997627
36.300966672180984,-112.27381004021964,7650.587566713922,185.9999999999758
36.301100529791604,-112.2738537611955,7650.58462587114,186.49999999997536
36.30123440495162,-112.2738975168669,7650.581801935316,186.9999999999749
36.30136829695935,-112.27394130594365,7650.579090241219,187.49999999997445
36.30150220511421,-112.27398512717458,7650.576486311593,187.999999999974
36.30163612871843,-112.27402897934726,7650.573985849396,188.49999999997354
36.30177006707884,-112.27407286128671,7650.57158473037,188.99999999997308
36.30190401950847,-112.2741167718547,7650.569278995923,189.49999999997263
36.30203798532791,-112.27416070994909,7650.567064846356,189.99999999997218
36.30217196386669,-112.2742046745029,7650.5649386343375,190.49999999997172
36.30230595446453,-112.27424866448344,7650.562896858697,190.99999999997127
36.30243995647228,-112.27429267889175,7650.560936158463,191.4999999999708
36.30257396925303,-112.2743367167616,7650.559053307158,191.99999999997036
36.30270799218301,-112.2743807771588,7650.557245207344,192.4999999999699
36.3028420246523,-112.27442485918053,7650.555508885383,192.99999999996945
36.30297606606553,-112.27446896195448,7650.553841486434,193.499999999969
36.30311011584254,-112.27451308463803,7650.552240269641,193.99999999996854
36.30324417341886,-112.27455722641767,7650.550702603546,194.49999999996808
36.30337823824608,-112.27460138650831,7650.549225961677,194.99999999996763
36.30351230979237,-112.27464556415224,7650.547807918313,195.49999999996717
36.30364638754267,-112.2746897586188,7650.546446144434,195.99999999996672
36.30378047099895,-112.27473396920341,7650.545138403846,196.49999999996626
36.30391455968037,-112.2747781952271,7650.5438825494475,196.9999999999658
36.3040486531234,-112.27482243603545,7650.542676519652,197.49999999996535
36.30418275088185,-112.27486669099835,7650.541518334972,197.9999999999649
36.30431685252695,-112.27491095950906,7650.540406094732,198.49999999996444
36.30445095764723,-112.27495524098362,7650.539337973893,198.999999999964
36.30458506584848,-112.2749995348602,7650.538312220068,199.49999999996353
36.304719176753586,-112.27504384059846,7650.5373271505805,199.99999999996308
36.304853290002434,-112.27508815767881,7650.536381149708,200.49999999996263
36.30498740525169,-112.27513248560201,7650.535472665987,200.99999999996217
36.30512152217451,-112.27517682388847,7650.5346002096585,201.49999999996172
36.305255640460416,-112.27522117207751,7650.533762350217,201.99999999996126
36.30538975981493,-112.27526552972695,7650.532957714034,202.4999999999608
36.305523879959246,-112.27530989641231,7650.532184982092,202.99999999996035
36.30565800062998,-112.27535427172661,7650.531442887809,203.4999999999599
36.30579212157877,-112.27539865527947,7650.5307302149595,203.99999999995944
36.305926242572035,-112.2754430466967,7650.5300457956555,204.499999999959
36.3060603633904,-112.27548744561972,7650.529388508437,204.99999999995853
36.30619448382851,-112.27553185170507,7650.528757276405,205.49999999995808
36.3063286036945,-112.27557626462395,7650.528151065457,205.99999999995762
36.306462722809776,-112.27562068406156,7650.527568882588,206.49999999995717
36.306596841008336,-112.27566510971675,7650.527009774254,206.9999999999567
36.30673095813657,-112.27570954130155,7650.526472824797,207.49999999995626
36.3068650740528,-112.27575397854051,7650.525957154934,207.9999999999558
36.306999188626804,-112.2757984211705,7650.525461920323,208.49999999995535
36.30713330173944,-112.27584286894006,7650.524986310164,208.9999999999549
36.30726741328218,-112.27588732160915,7650.524529545866,209.49999999995444
36.307401523156784,-112.27593177894845,7650.5240908797705,209.99999999995399
36.3075356312748,-112.27597624073927,7650.523669593917,210.49999999995353
36.30766973755714,-112.27602070677295,7650.523264998866,210.99999999995308
36.30780384193371,-112.27606517685044,7650.522876432554,211.49999999995262
36.30793794434301,-112.27610965078209,7650.522503259221,211.99999999995217
36.30807204473172,-112.27615412838719,7650.5221448683515,212.4999999999517
36.30820614305427,-112.27619860949349,7650.521800673677,212.99999999995126
36.3083402392725,-112.27624309393711,7650.521470112218,213.4999999999508
36.308474333355285,-112.276287581562,7650.521152643342,213.99999999995035
36.30860842527812,-112.2763320722196,7650.520847747892,214.4999999999499
36.308742515022715,-112.27637656576867,7650.520554927314,214.99999999994944
36.30887660257679,-112.27642106207489,7650.520273702862,215.49999999994898
36.30901068793356,-112.27646556101054,7650.520003614793,215.99999999994853
36.30914477109151,-112.27651006245432,7650.51974422161,216.49999999994807
36.30927885205399,-112.276554566291,7650.519495099353,216.99999999994762
36.30941293082899,-112.27659907241103,7650.519255840879,217.49999999994716
36.30954700742869,-112.27664358071053,7650.519026055217,217.9999999999467
36.30968108186931,-112.27668809109085,7650.51880536691,218.49999999994625
36.309815154170686,-112.2767326034584,7650.518593415403,218.9999999999458
36.30994922435609,-112.27677711772444,7650.51838985446,219.49999999994535
36.31008329245192,-112.27682163380479,7650.518194351568,219.9999999999449
36.31021735848744,-112.27686615161959,7650.518006587422,220.49999999994444
36.31035142249451,-112.27691067109323,7650.51782625538,220.99999999994398
36.31048548450738,-112.276955192154,7650.517653060974,221.49999999994353
36.31061954456245,-112.27699971473402,7650.517486721414,221.99999999994307
36.31075360269802,-112.2770442387689,7650.517326965128,222.49999999994262
36.3108876589542,-112.27708876419779,7650.517173531325,222.99999999994216
36.31102171337246,-112.27713329096295,7650.517026169554,223.4999999999417
36.31115576599574,-112.27717781900976,7650.516884639293,223.99999999994125
36.31128981686802,-112.27722234828653,7650.516748709572,224.4999999999408
36.311423866034296,-112.27726687874433,7650.516618158567,224.99999999994034
36.31155791354036,-112.27731141033682,7650.516492773262,225.4999999999399
36.31169195943266,-112.27735594302014,7650.516372349085,225.99999999993943
36.31182600375809,-112.27740047675285,7650.516256689573,226.49999999993898
36.311960046564,-112.27744501149566,7650.516145606058,226.99999999993852
36.312094087897854,-112.27748954721132,7650.516038917349,227.49999999993807
36.31222812780734,-112.27753408386475,7650.515936449437,227.99999999993761
36.312362166340094,-112.27757862142256,7650.515838035213,228.49999999993716
36.312496203543596,-112.27762315985329,7650.515743514193,228.9999999999367
36.312630239465165,-112.277667699127,7650.515652732247,229.49999999993625
36.31276427415183,-112.27771223921543,7650.515565541365,229.9999999999358
36.31289830765016,-112.27775678009182,7650.515481799393,230.49999999993534
36.31303234000628,-112.27780132173072,7650.515401369818,230.9999999999349
36.31316637126582,-112.27784586410803,7650.515324121534,231.49999999993443
36.31330040147374,-112.27789040720101,7650.515249928622,231.99999999993398
36.31343443067436,-112.27793495098783,7650.515178670164,232.49999999993352
36.31356845891121,-112.27797949544794,7650.515110230025,232.99999999993307
36.31370248622711,-112.27802404056199,7650.515044496675,233.4999999999326
36.313836512664025,-112.2780685863112,7650.514981362995,233.99999999993216
36.31397053826302,-112.278113132678,7650.514920726119,234.4999999999317
36.31410456306433,-112.27815767964553,7650.514862487253,234.99999999993125
36.3142385871072,-112.27820222719778,7650.514806551507,235.4999999999308
36.31437261042994,-112.2782467753195,7650.514752827757,235.99999999993034
36.31450663306983,-112.2782913239961,7650.51470122849,236.49999999992988
36.3146406550632,-112.27833587321372,7650.514651669649,236.99999999992943
36.314774676445346,-112.27838042295907,7650.514604070514,237.49999999992897
36.314908697250495,-112.27842497321946,7650.514558353557,237.99999999992852
36.31504271751186,-112.27846952398268,7650.514514444316,238.49999999992806
36.31517673726159,-112.27851407523707,7650.514472271288,238.9999999999276
36.31531075653084,-112.2785586269715,7650.514431765791,239.49999999992716
36.31544477534965,-112.27860317917518,7650.514392861864,239.9999999999267
36.31557879374701,-112.2786477318378,7650.514355496158,240.49999999992625
36.315712811750906,-112.2786922849494,7650.514319607834,240.9999999999258
36.31584682938828,-112.27873683850045,7650.514285138456,241.49999999992534
36.31598084668501,-112.27878139248163,7650.514252031902,241.99999999992488
36.31611486366597,-112.27882594688414,7650.514220234275,242.49999999992443
36.316248880355,-112.27887050169929,7650.514189693808,242.99999999992397
36.31638289677498,-112.27891505691869,7650.514160360777,243.49999999992352
36.31651691294778,-112.27895961253435,7650.514132187437,243.99999999992306
36.31665092889434,-112.27900416853842,7650.5141051279215,244.4999999999226
36.31678494463461,-112.27904872492323,7650.514079138194,244.99999999992215
36.31691896018764,-112.27909328168138,7650.514054175939,245.4999999999217
36.31705297557157,-112.27913783880575,7650.514030200534,245.99999999992124
36.31718699080363,-112.27918239628927,7650.514007172953,246.4999999999208
36.31732100590019,-112.27922695412516,7650.513985055715,246.99999999992033
36.31745502087675,-112.27927151230678,7650.513963812833,247.49999999991988
36.31758903574802,-112.27931607082763,7650.51394340972,247.99999999991942
36.317723050527825,-112.27936062968135,7650.513923813183,248.49999999991897
36.31785706522936,-112.27940518886174,7650.51390499133,248.99999999991851
36.31799107986492,-112.27944974836275,7650.513886913523,249.49999999991806
36.31812509444613,-112.27949430817846,7650.51386955035,249.9999999999176
36.318259108983895,-112.27953886830308,7650.513852873553,250.49999999991715
36.31839312348845,-112.27958342873089,7650.513836855998,250.9999999999167
36.31852713796934,-112.27962798945636,7650.51382147162,251.49999999991624
36.31866115243545,-112.27967255047395,7650.513806695381,251.9999999999158
36.318795166895114,-112.2797171117783,7650.513792503247,252.49999999991533
36.318929181356,-112.27976167336429,7650.513778872121,252.99999999991488
36.31906319582523,-112.27980623522664,7650.513765779823,253.49999999991442
36.31919721030941,-112.2798507973603,7650.513753205052,253.99999999991397
36.31933122481457,-112.27989535976036,7650.513741127348,254.4999999999135
36.31946523934627,-112.27993992242187,7650.513729527054,254.99999999991306
36.31959925390959,-112.27998448534008,7650.513718385307,255.4999999999126
36.31973326850911,-112.28002904851027,7650.513707683976,255.99999999991215
36.319867283149044,-112.28007361192779,7650.51369740565,256.4999999999117
36.32000129783312,-112.28011817558813,7650.513687533604,256.99999999991127
36.32013531256469,-112.2801627394868,7650.513678051781,257.4999999999108
36.32026932734676,-112.28020730361943,7650.513668944755,257.99999999991036
36.320403342181955,-112.28025186798173,7650.51366019771,258.4999999999099
36.32053735707256,-112.28029643256939,7650.513651796412,258.99999999990945
36.32067137202052,-112.28034099737845,7650.513643727201,259.499999999909
36.320805387027505,-112.2803855624047,7650.513635976942,259.99999999990854
36.3209394020949,-112.28043012764422,7650.513628533034,260.4999999999081
36.321073417223815,-112.28047469309303,7650.513621383359,260.99999999990763
36.32120743241511,-112.28051925874732,7650.513614516288,261.4999999999072
36.32134144766938,-112.28056382460326,7650.513607920654,261.9999999999067
36.32147546298711,-112.28060839065724,7650.513601585726,262.49999999990627
36.321609478368444,-112.28065295690561,7650.513595501198,262.9999999999058
36.32174349381339,-112.28069752334477,7650.513589657172,263.49999999990536
36.32187750932177,-112.28074208997124,7650.5135840441435,263.9999999999049
36.32201152489326,-112.28078665678167,7650.51357865298,264.49999999990445
36.32214554052736,-112.28083122377268,7650.513573474909,264.999999999904
36.32227955622346,-112.28087579094098,7650.513568501509,265.49999999990354
36.32241357198081,-112.28092035828342,7650.513563724691,265.9999999999031
36.32254758779854,-112.28096492579688,7650.513559136681,266.4999999999026
36.32268160367568,-112.28100949347825,7650.513554730018,266.9999999999022
36.32281561961117,-112.2810540613246,7650.513550497534,267.4999999999017
36.322949635603834,-112.28109862933296,7650.513546432349,267.99999999990126
36.32308365165246,-112.28114319750048,7650.513542527848,268.4999999999008
36.32321766775573,-112.28118776582443,7650.513538777676,268.99999999990035
36.323351683912286,-112.28123233430208,7650.5135351757335,269.4999999998999
36.32348570012074,-112.2812769029307,7650.513531716158,269.99999999989944
36.32361971637962,-112.2813214717078,7650.513528393329,270.499999999899
36.323753732687464,-112.2813660406308,7650.513525201837,270.99999999989853
36.32388774904272,-112.28141060969725,7650.513522136493,271.4999999998981
36.32402176544383,-112.28145517890478,7650.513519192313,271.9999999998976
36.32415578188924,-112.28149974825105,7650.513516364501,272.49999999989717
36.32428979837739,-112.28154431773378,7650.513513648463,272.9999999998967
36.32442381490669,-112.28158888735076,7650.51351103978,273.49999999989626
36.324557831475545,-112.28163345709987,7650.513508534203,273.9999999998958
36.32469184808236,-112.28167802697904,7650.513506127665,274.49999999989535
36.324825864725575,-112.28172259698616,7650.513503816245,274.9999999998949
36.3249598814036,-112.28176716711934,7650.513501596189,275.49999999989444
36.32509389811488,-112.28181173737664,7650.513499463885,275.999999999894
36.3252279148579,-112.28185630775623,7650.51349741586,276.49999999989353
36.32536193163109,-112.2819008782563,7650.513495448783,276.9999999998931
36.32549594843299,-112.2819454488751,7650.513493559456,277.4999999998926
36.32562996526212,-112.281990019611,7650.5134917448095,277.99999999989217
36.325763982117024,-112.2820345904623,7650.5134900018875,278.4999999998917
36.32589799899628,-112.28207916142742,7650.513488327857,278.99999999989126
36.326032015898484,-112.28212373250479,7650.513486719998,279.4999999998908
36.32616603282229,-112.28216830369304,7650.513485175684,279.99999999989035
36.32630004976638,-112.28221287499063,7650.5134836924135,280.4999999998899
36.326434066729455,-112.28225744639627,7650.51348226777,280.99999999988944
36.32656808371027,-112.28230201790858,7650.513480899439,281.499999999889
36.326702100707486,-112.28234658952621,7650.513479585189,281.99999999988853
36.32683611772015,-112.28239116124797,7650.513478322889,282.4999999998881
36.32697013474699,-112.28243573307266,7650.5134771104795,282.9999999998876
36.327104151786926,-112.28248030499911,7650.513475945989,283.49999999988717
36.32723816883889,-112.28252487702619,7650.513474827529,283.9999999998867
36.327372185901844,-112.28256944915285,7650.513473753277,284.49999999988626
36.327506202974796,-112.28261402137802,7650.5134727214845,284.9999999998858
36.32764022005681,-112.28265859370076,7650.513471730475,285.49999999988535
36.32777423714698,-112.28270316612007,7650.513470778636,285.9999999998849
36.327908254244406,-112.28274773863505,7650.513469864417,286.49999999988444
36.32804227134827,-112.28279231124472,7650.513468986337,286.999999999884
36.328176288457755,-112.2828368839483,7650.513468142964,287.4999999998835
36.328310305572145,-112.282881456745,7650.513467332923,287.9999999998831
36.328444322690665,-112.28292602963397,7650.5134665549,288.4999999998826
36.32857833981266,-112.28297060261453,7650.513465807632,288.99999999988216
36.32871235693748,-112.28301517568589,7650.513465089899,289.4999999998817
36.32884637406448,-112.28305974884739,7650.513464400531,289.99999999988125
36.3289803911931,-112.28310432209838,7650.5134637384135,290.4999999998808
36.32911440832279,-112.2831488954382,7650.513463102466,290.99999999988034
36.32924842545302,-112.28319346886626,7650.5134624916545,291.4999999998799
36.329382442583324,-112.28323804238197,7650.513461904987,291.99999999987944
36.32951645971319,-112.28328261598477,7650.51346134151,292.499999999879
36.32965047684222,-112.28332718967411,7650.513460800303,292.9999999998785
36.32978449397003,-112.28337176344952,7650.5134602804865,293.49999999987807
36.32991851109625,-112.2834163373105,7650.513459781218,293.9999999998776
36.330052528220534,-112.28346091125664,7650.513459301684,294.49999999987716
36.330186545342556,-112.28350548528744,7650.513458841101,294.9999999998767
36.33032056246204,-112.28355005940247,7650.513458398724,295.49999999987625
36.330454579578706,-112.28359463360137,7650.513457973831,295.9999999998758
36.33058859669233,-112.28363920788374,7650.513457565734,296.49999999987534
36.330722613802656,-112.28368378224923,7650.513457173768,296.9999999998749
36.33085663090951,-112.28372835669748,7650.513456797293,297.49999999987443
36.3309906480127,-112.28377293122821,7650.513456435696,297.999999999874
36.33112466511208,-112.28381750584109,7650.513456088393,298.4999999998735
36.33125868220749,-112.28386208053578,7650.513455754821,298.99999999987307
36.331392699298824,-112.28390665531205,7650.513455434431,299.4999999998726
36.33152671638598,-112.28395123016962,7650.513455126704,299.99999999987216
36.33166073346886,-112.28399580510823,7650.513454831141,300.4999999998717
36.33179475054738,-112.28404038012768,7650.513454547251,300.99999999987125
36.3319287676215,-112.2840849552277,7650.513454274591,301.4999999998708
36.33206278469116,-112.28412953040808,7650.513454012708,301.99999999987034
36.33219680175634,-112.28417410566867,7650.513453761176,302.4999999998699
36.33233081881701,-112.2842186810092,7650.513453519586,302.99999999986943
36.33246483587316,-112.28426325642958,7650.513453287544,303.499999999869
36.33259885292479,-112.28430783192952,7650.513453064679,303.9999999998685
36.33273286997193,-112.28435240750899,7650.51345285062,304.49999999986807
36.332866887014575,-112.28439698316778,7650.513452645019,304.9999999998676
36.33300090405277,-112.28444155890575,7650.513452447547,305.49999999986716
36.33313492108655,-112.28448613472278,7650.51345225788,305.9999999998667
36.33326893811594,-112.28453071061872,7650.5134520757065,306.49999999986625
36.33340295514104,-112.28457528659348,7650.513451900736,306.9999999998658
36.333536972161866,-112.28461986264692,7650.513451732677,307.49999999986534
36.3336709891785,-112.28466443877895,7650.513451571264,307.9999999998649
36.33380500619101,-112.28470901498949,7650.513451416232,308.49999999986443
36.33393902319945,-112.28475359127842,7650.513451267328,308.999999999864
36.33407304020392,-112.28479816764566,7650.513451124309,309.4999999998635
36.33420705720451,-112.28484274409114,7650.513450986942,309.99999999986306
36.33434107420129,-112.28488732061477,7650.513450855005,310.4999999998626
36.33447509119435,-112.28493189721648,7650.513450728283,310.99999999986215
36.334609108183784,-112.28497647389624,7650.51345060657,311.4999999998617
36.33474312516969,-112.28502105065391,7650.513450489667,311.99999999986125
36.33487714215215,-112.28506562748953,7650.513450377387,312.4999999998608
36.33501115913127,-112.28511020440297,7650.513450269543,312.99999999986034
36.335145176107154,-112.28515478139423,7650.513450165961,313.4999999998599
36.33527919307989,-112.28519935846323,7650.513450066475,313.9999999998594
36.33541321004958,-112.28524393560993,7650.513449970921,314.49999999985897
36.33554722701631,-112.28528851283428,7650.513449879143,314.9999999998585
36.33568124398021,-112.28533309013626,7650.513449790992,315.49999999985806
36.335815260941345,-112.28537766751583,7650.513449706326,315.9999999998576
36.335949277899836,-112.28542224497298,7650.513449625007,316.49999999985715
36.336083294855776,-112.28546682250763,7650.513449546902,316.9999999998567
36.336217311809264,-112.28551140011979,7650.513449471882,317.49999999985624
36.3363513287604,-112.28555597780942,7650.513449399829,317.9999999998558
36.336485345709285,-112.28560055557648,7650.513449330624,318.49999999985533
36.33661936265599,-112.28564513342099,7650.513449264155,318.9999999998549
36.33675337960061,-112.28568971134287,7650.513449200312,319.4999999998544
36.336887396543254,-112.28573428934214,7650.513449138992,319.99999999985397
36.337021413484,-112.28577886741877,7650.513449080095,320.4999999998535
36.33715543042295,-112.28582344557275,7650.513449023536,320.99999999985306
36.33728944736018,-112.28586802380403,7650.513448969201,321.4999999998526
36.33742346429576,-112.28591260211263,7650.513448917016,321.99999999985215
36.33755748122981,-112.28595718049854,7650.5134488668955,322.4999999998517
36.337691498162364,-112.28600175896172,7650.513448818754,322.99999999985124
36.33782551509354,-112.28604633750213,7650.513448772515,323.4999999998508
36.33795953202339,-112.28609091611986,7650.513448728105,323.99999999985033
36.338093548951996,-112.28613549481484,7650.513448685448,324.4999999998499
36.33822756587943,-112.28618007358699,7650.513448644479,324.9999999998494
36.33836158280575,-112.28622465243637,7650.513448605127,325.49999999984897
36.338495599731054,-112.286269231363,7650.513448567334,325.9999999998485
36.338629616655375,-112.2863138103668,7650.513448531034,326.49999999984806
36.338763633578786,-112.28635838944783,7650.513448496168,326.9999999998476
36.338897650501366,-112.28640296860603,7650.513448462681,327.49999999984715
36.33903166742312,-112.28644754784142,7650.513448430516,327.9999999998467
36.33916568434416,-112.28649212715398,7650.513448399623,328.49999999984624
36.339299701264515,-112.28653670654369,7650.513448369951,328.9999999998458
36.339433718184246,-112.28658128601056,7650.513448341456,329.49999999984533
36.3395677351034,-112.28662586555458,7650.513448314085,329.9999999998449
36.33970175202203,-112.28667044517574,7650.513448287794,330.4999999998444
36.33983576894015,-112.28671502487403,7650.513448262543,330.99999999984396
36.339969785857846,-112.28675960464945,7650.513448238287,331.4999999998435
36.340103802775154,-112.28680418450199,7650.513448214993,331.99999999984306
36.3402378196921,-112.28684876443164,7650.513448192619,332.4999999998426
36.34037183660871,-112.28689334443841,7650.513448171129,332.99999999984215
36.340505853525016,-112.28693792452229,7650.513448150489,333.4999999998417
36.34063987044107,-112.28698250468324,7650.513448130665,333.99999999984124
36.34077388735696,-112.2870270849213,7650.513448111625,334.4999999998408
36.3409079042726,-112.28707166523643,7650.513448093334,334.9999999998403
36.341041921188115,-112.28711624562865,7650.513448075768,335.4999999998399
36.34117593810343,-112.28716082609795,7650.513448058897,335.9999999998394
36.34130995501875,-112.2872054066443,7650.513448042693,336.49999999983896
36.34144397193394,-112.28724998726771,7650.513448027129,336.9999999998385
36.34157798884894,-112.28729456796817,7650.513448012181,337.49999999983805
36.34171200576394,-112.28733914874569,7650.5134479978215,337.9999999998376
36.341846022678936,-112.28738372960025,7650.51344798403,338.49999999983714
36.34198003959394,-112.28742831053184,7650.513447970785,338.9999999998367
36.34211405650894,-112.28747289154046,7650.513447958065,339.49999999983623
36.34224807342394,-112.28751747262612,7650.513447945847,339.9999999998358
36.34238209033894,-112.28756205378878,7650.51344793411,340.4999999998353
36.34251610725415,-112.28760663502847,7650.513447922837,340.99999999983487
36.34265012416947,-112.28765121634517,7650.513447912011,341.4999999998344
36.342784141084785,-112.28769579773888,7650.513447901612,341.99999999983396
36.3429181580001,-112.28774037920957,7650.513447891625,342.4999999998335
36.343052174915655,-112.28778496075724,7650.513447882033,342.99999999983305
36.343186191831286,-112.28782954238191,7650.51344787282,343.4999999998326
36.343320208746924,-112.28787412408357,7650.51344786397,343.99999999983214
36.34345422566283,-112.2879187058622,7650.513447855471,344.4999999998317
36.34358824257879,-112.28796328771779,7650.513447847307,344.99999999983123
36.343722259494854,-112.28800786965033,7650.513447839467,345.4999999998308
36.343856276411124,-112.28805245165985,7650.513447831936,345.9999999998303
36.34399029332741,-112.28809703374633,7650.513447824703,346.49999999982987
36.344124310244,-112.28814161590975,7650.513447817755,346.9999999998294
36.34425832716059,-112.28818619815011,7650.513447811082,347.49999999982896
36.34439234407745,-112.2882307804674,7650.513447804672,347.9999999998285
36.34452636099436,-112.28827536286163,7650.513447798515,348.49999999982805
36.344660377911474,-112.28831994533279,7650.513447792603,348.9999999998276
36.344794394828696,-112.28836452788086,7650.513447786923,349.49999999982714
36.34492841174609,-112.28840911050587,7650.513447781468,349.9999999998267
36.34506242866363,-112.28845369320779,7650.51344777623,350.49999999982623
36.345196445581294,-112.2884982759866,7650.513447771198,350.9999999998258
36.345330462499156,-112.28854285884232,7650.513447766366,351.4999999998253
36.34546447941706,-112.28858744177495,7650.513447761724,351.99999999982487
36.34559849633524,-112.28863202478446,7650.513447757265,352.4999999998244
36.345732513253424,-112.28867660787087,7650.513447752982,352.99999999982396
36.34586653017188,-112.28872119103414,7650.513447748868,353.4999999998235
36.34600054709038,-112.28876577427432,7650.513447744918,353.99999999982305
36.34613456400904,-112.28881035759139,7650.513447741124,354.4999999998226
36.34626858092786,-112.2888549409853,7650.513447737479,354.99999999982214
36.34640259784669,-112.28889952445608,7650.513447733978,355.4999999998217
36.346536614765824,-112.28894410800373,7650.5134477306165,355.9999999998212
36.34667063168496,-112.28898869162823,7650.513447727388,356.4999999998208
36.34680464860421,-112.2890332753296,7650.513447724287,356.9999999998203
36.346938665523666,-112.28907785910785,7650.513447721309,357.49999999981986
36.34707268244312,-112.28912244296292,7650.513447718447,357.9999999998194
36.34720669936273,-112.28916702689483,7650.513447715701,358.49999999981895
36.347340716282496,-112.2892116109036,7650.513447713061,358.9999999998185
36.34747473320227,-112.28925619498919,7650.513447710526,359.49999999981804
36.347608750122134,-112.28930077915165,7650.51344770809,359.9999999998176
